Symptom,Specialty,Symptom2,Anatomy,Category 4
anaphylactic reaction,allergy,,,
anaphylactic shock,allergy,,,
malignant hyperthermia,anaesthetics,,,
spinal block,anaesthetics,,,
neuroleptic malignant syndrome,anaesthetics,,,
neuroleptic malignant-like syndrome,anaesthetics,,,
appetite abnormal,appetite,,,
appetite change,appetite,,,
appetite decreased,appetite,,,
appetite disorder,appetite,,,
appetite increased,appetite,,,
arrhythmia,cardiology,arrhythmia,,
arrhythmias,cardiology,arrhythmia,,
atrial fibrillation,cardiology,arrhythmia,,
atrial flutter,cardiology,arrhythmia,,
atrioventricular block,cardiology,arrhythmia,,
atrioventricular block exacerbated,cardiology,arrhythmia,,
atrioventricular conduction changes,cardiology,arrhythmia,,
bradycardia,cardiology,arrhythmia,,
bundle branch block,cardiology,arrhythmia,,
cardiac conduction disorder,cardiology,arrhythmia,,
cardiac conduction disorders,cardiology,arrhythmia,,
extrasystole,cardiology,arrhythmia,,
long qt syndrome,cardiology,arrhythmia,,
palpitations,cardiology,arrhythmia,,
palpitations exacerbated,cardiology,arrhythmia,,
presyncope,cardiology,arrhythmia,valve,
qt interval prolongation,cardiology,arrhythmia,,
reflex tachycardia,cardiology,arrhythmia,,
sinus arrhythmia,cardiology,arrhythmia,,
sinus bradycardia,cardiology,arrhythmia,,
sinus tachycardia,cardiology,arrhythmia,,
supraventricular tachycardia,cardiology,arrhythmia,,
syncope,cardiology,arrhythmia,,
tachycardia,cardiology,arrhythmia,,
torsade de pointes,cardiology,arrhythmia,,
ventricular arrhythmia,cardiology,arrhythmia,,
hypertension,cardiology,blood pressure,,
hypertension exacerbated,cardiology,blood pressure,,
hypertensive crisis,cardiology,blood pressure,,
hypertensive encephalopathy,cardiology,blood pressure,,
hypotension,cardiology,blood pressure,,
hypotension exacerbated,cardiology,blood pressure,,
rebound hypertension,cardiology,blood pressure,,
transient systolic hypotension,cardiology,blood pressure,,
acute coronary syndrome,cardiology,pain,,
angina pectoris,cardiology,pain,,
angina pectoris exacerbated,cardiology,pain,,
cardiac discomfort,cardiology,pain,,
cardiomyopathy ischaemic,cardiology,pain,,
cardiovascular event,cardiology,pain,,
chest discomfort,cardiology,pain,,
chest pain,cardiology,pain,,
chest pressure,cardiology,pain,,
chest tightness,cardiology,pain,,
coronary thrombosis,cardiology,pain,,
ischaemic heart disease,cardiology,pain,,
myocardial infarction,cardiology,pain,,
myocardial ischaemia,cardiology,pain,,
myocardial rupture,cardiology,pain,,
myocarditis,cardiology,pain,,
myocarditis allergic,cardiology,pain,,
pericarditis,cardiology,pain,pericardium,
unstable angina,cardiology,pain,,
pulmonary oedema non-cardiogenic,cardiology,respiratory,,
altered pacing threshold,cardiology,,,
aortic valve disease,cardiology,,valve,
aortic valve incompetence,cardiology,,valve,
atherosclerosis,cardiology,,,
atherosclerosis coronary artery,cardiology,,,
cardiac arrest,cardiology,,,
cardiac disorder,cardiology,,,
cardiac failure high output,cardiology,,,
cardiac inflammation,cardiology,,,
cardiac tamponade,cardiology,,,
cardiac valve disorder,cardiology,,valve,
cardiac valvulopathy,cardiology,,valve,
cardio-respiratory distress,cardiology,,,
cardiogenic shock,cardiology,,,
cardiomegaly,cardiology,,,
cardiomyopathy,cardiology,,,
cardiomyopathy congestive,cardiology,,,
cardiotoxicity,cardiology,,,
cardiovascular disease,cardiology,,,
cardiovascular disorder,cardiology,,,
cardiovascular disorders,cardiology,,,
cardiovascular effects,cardiology,,,
cardiovascular insufficiency,cardiology,,,
carotid sinus syndrome,cardiology,,,
circulatory collapse,cardiology,,,
circulatory depression,cardiology,,,
circulatory system disorder,cardiology,,,
congestive heart failure,cardiology,,,
coronary artery disease,cardiology,,,
coronary artery disease aggravated,cardiology,,,
coronary artery insufficiency,cardiology,,,
coronary vasospasm,cardiology,,,
diastolic dysfunction,cardiology,,,
dyslipidaemia,cardiology,,,
endocarditis,cardiology,,valve,
fluid overload,cardiology,,,nephrology
fluid retention,cardiology,,,nephrology
heart failure,cardiology,,,
heart failure aggravated,cardiology,,,
heart valve incompetence,cardiology,,valve,
hyperlipidaemia,cardiology,,,
hypertriglyceridaemia,cardiology,,,
increased cardiac output,cardiology,,,
increased risk of coronary artery disease,cardiology,,,
increased risk of myocardial infarction,cardiology,,,
left ventricular dysfunction,cardiology,,,
low cardiac output syndrome,cardiology,,,
mitral valve incompetence,cardiology,,valve,
myocardial contractility decreased,cardiology,,,
myocardial contractility increased,cardiology,,,
myocardial dysfunction,cardiology,,,
oedema,cardiology,,,nephrology
orthopnoea,cardiology,,,
pericardial disorders,cardiology,,pericardium,
pericardial effusion,cardiology,,pericardium,
peripheral oedema,cardiology,,swelling,
peripheral swelling,cardiology,,swelling,
prosthetic cardiac valve thrombosis,cardiology,,valve,
pulmonary oedema,cardiology,,,
stress cardiomyopathy,cardiology,,,
sudden cardiac death,cardiology,,,
systolic dysfunction,cardiology,,,
ventricular dysfunction,cardiology,,,
ventricular hypertrophy,cardiology,,,
dental caries,dental,,,
dental fluorosis,dental,,,
tooth discolouration,dental,,,
tooth disorder,dental,,,
toothache,dental,,,
angioedema,dermatology,allergy,skin,
angioedema aggravated,dermatology,allergy,skin,
skin haemorrhage,dermatology,bleeding,skin,
skin infection,dermatology,infection,skin,
squamous cell carcinoma,dermatology,oncology,,oncology
skin burning sensation,dermatology,pain,skin,
contact dermatitis,dermatology,rash,skin,
dermatitis,dermatology,rash,skin,
dermatitis psoriasiform,dermatology,rash,skin,
eczema,dermatology,rash,skin,
erythema multiforme,dermatology,rash,skin,
erythema nodosum,dermatology,rash,skin,
folliculitis,dermatology,rash,skin,
fungal infection,dermatology,rash,infection,
fungal overgrowth,dermatology,rash,infection,
fungal superinfection,dermatology,rash,infection,
hypersensitivity,dermatology,rash,,
hypersensitivity vasculitis,dermatology,rash,,
photosensitive lichenoid eruption,dermatology,rash,,
photosensitivity,dermatology,rash,,
photosensitivity reaction,dermatology,rash,,
pyoderma gangrenosum,dermatology,rash,,
rash,dermatology,rash,,
rash erythematous,dermatology,rash,,
rash maculopapular,dermatology,rash,,
rash pustular,dermatology,rash,,
skin eruption,dermatology,rash,skin,
skin eruption localised,dermatology,rash,skin,
solar dermatitis,dermatology,rash,,
stevens-johnson syndrome,dermatology,rash,,
toxic epidermal necrolysis,dermatology,rash,,
urticaria,dermatology,rash,,
urticaria generalised,dermatology,rash,,
acne,dermatology,,,
alopecia,dermatology,,skin,
basal cell carcinoma,dermatology,,skin,oncology
boil,dermatology,,skin,
dandruff,dermatology,,skin,
dry skin,dermatology,,skin,
dystrophic skin lesion,dermatology,,skin,
erythema,dermatology,,skin,
haemangioma,dermatology,,skin,
hyperpigmentation disorders,dermatology,,skin,
kaposi's sarcoma,dermatology,,,oncology
lip squamous cell carcinoma,dermatology,,,oncology
malignant melanoma,dermatology,,,oncology
melanocytic naevus size increased,dermatology,,,
nail discolouration,dermatology,,nail,
nail disorder,dermatology,,nail,
nail disorders,dermatology,,nail,
nail dystrophy,dermatology,,nail,
nail loss,dermatology,,nail,
non-melanoma skin cancer,dermatology,,,oncology
onycholysis,dermatology,,nails,
paronychia,dermatology,,nails,
scalp abnormal,dermatology,,scalp,
scalp changes,dermatology,,scalp,
scalp irritation,dermatology,,scalp,
scalp pruritus,dermatology,,scalp,
sebaceous gland overactivity,dermatology,,skin,
sebaceous hyperplasia,dermatology,,skin,
seborrhoea,dermatology,,skin,
skin discolouration,dermatology,,skin,
skin exfoliation,dermatology,,skin,
skin irritation,dermatology,,skin,
skin mass,dermatology,,skin,
skin necrosis,dermatology,,skin,
skin neoplasm,dermatology,,skin,oncology
skin neoplasm haemorrhage,dermatology,,skin,oncology
skin nodule,dermatology,,skin,
skin odour abnormal,dermatology,,skin,
skin papilloma,dermatology,,skin,
skin reactions,dermatology,,skin,
skin ulcer,dermatology,,skin,
skin ulcers,dermatology,,skin,
sunburn,dermatology,,,
telangiectasia,dermatology,,,
pyogenic granuloma,dermatology,,,
acute febrile neutrophilic dermatosis,dermatology,,,
allergic conditions,dermatology,,,
allergic dermatitis,dermatology,,,
allergic oedema,dermatology,,,
anaphylactoid reaction,dermatology,,,
androgenetic alopecia,dermatology,,,
bullous dermatitis,dermatology,,,
colloid milia,dermatology,,,
generalised exfoliative dermatitis,dermatology,,,
metabolic acidosis,electrolyte disorder,,,
metabolic alkalosis,electrolyte disorder,,,
alkalosis,electrolyte disorder,,,
alkalosis hypochloraemic,electrolyte disorder,,,
alkalosis hypokalaemic,electrolyte disorder,,,
electrolyte depletion,electrolyte disorder,,,
electrolyte imbalance,electrolyte disorder,,,
hypercalcaemia,electrolyte disorder,,,calcium
hypercalciuria,electrolyte disorder,,,calcium
hyperkalaemia,electrolyte disorder,,,potassium
hypermagnesaemia,electrolyte disorder,,,magnesium
hypernatraemia,electrolyte disorder,,,sodium
hyperphosphataemia,electrolyte disorder,,,phosphate
hypocalcaemia,electrolyte disorder,,,calcium
hypokalaemia,electrolyte disorder,,,potassium
hypomagnesaemia,electrolyte disorder,,,magnesium
hyponatraemia,electrolyte disorder,,,sodium
hyponatraemic encephalopathy,electrolyte disorder,,,sodium
hypophosphataemia,electrolyte disorder,,,phosphate
sodium retention,electrolyte disorder,,,sodium
acidosis,electrolyte disorder,,,
acidosis hyperchloraemic,electrolyte disorder,,,
hyperphosphaturia,electrolyte disorder,,,
lactic acidosis,electrolyte disorder,,,
anger,emotion,,,
irritability,emotion,,,
mood altered,emotion,,,
mood swings,emotion,,,
type 1 diabetes mellitus,endocrinology,diabetes,,
siadh,endocrinology,electrolyte disorder,sodium,
thyroid disorder,endocrinology,,thyroid,
thyroid disorder autoimmune,endocrinology,,thyroid,
thyroiditis,endocrinology,,thyroid,
thyrotoxic crisis,endocrinology,,thyroid,
thyrotoxicosis,endocrinology,,thyroid,
thyrotoxicosis masked,endocrinology,,thyroid,
toxic nodular goitre,endocrinology,,thyroid,
myxoedema,endocrinology,,,
myxoedema coma,endocrinology,,,
nephrogenic diabetes insipidus,endocrinology,,,
parathyroid disorder,endocrinology,,,
parotid gland enlargement,endocrinology,,,
parotitis,endocrinology,,,
pituitary tumour,endocrinology,,,neurosurgery
pituitary tumour benign,endocrinology,,,neurosurgery
pituitary unresponsiveness,endocrinology,,,
polydipsia,endocrinology,,,
precocious puberty,endocrinology,,,
premature menopause,endocrinology,,,gynaecology
secondary hypothyroidism,endocrinology,,,
addison's disease,endocrinology,,,
adrenal disorder,endocrinology,,,
adrenal hypofunction,endocrinology,,,
adrenal insufficiency,endocrinology,,,
adrenal suppression,endocrinology,,,
adrenocortical suppression,endocrinology,,,
adrenocortical unresponsiveness,endocrinology,,,
androgen deficiency,endocrinology,,,
coarsening of the facial features,endocrinology,,,
cushing's syndrome,endocrinology,,,
diabetes insipidus,endocrinology,,,diabetes
diabetes mellitus,endocrinology,,,diabetes
diabetes mellitus exacerbated,endocrinology,,,diabetes
diabetic coma,endocrinology,,,diabetes
diabetic control impaired,endocrinology,,,diabetes
diabetic foot,endocrinology,,,diabetes
diabetic hyperosmolar coma,endocrinology,,,diabetes
diabetic ketoacidosis,endocrinology,,,diabetes
discolouration of thyroid gland,endocrinology,,,
endocrine disorder,endocrinology,,,
endocrine disorders,endocrinology,,,
endocrine ophthalmopathy,endocrinology,,,opthalmology
euthyroid sick syndrome,endocrinology,,,
glucose tolerance impaired,endocrinology,,,
goitre,endocrinology,,thyroid,
grave's disease,endocrinology,,thyroid,
hyperglycaemia,endocrinology,,,
hyperglycaemic hyperosmolar nonketotic syndrome,endocrinology,,,
hyperinsulinaemia,endocrinology,,,
hyperinsulinism,endocrinology,,,
hyperparathyroidism,endocrinology,,,
hyperthyroidism,endocrinology,,thyroid,
hypoglycaemia,endocrinology,,,
hypoglycaemia masked,endocrinology,,,
hypoglycaemic coma,endocrinology,,,
hypoparathyroidism,endocrinology,,,
hypothyroidism,endocrinology,,thyroid,
inappropriate antidiuretic hormone secretion like-syndrome,endocrinology,,,
increased insulin requirement,endocrinology,,,
insulin resistance,endocrinology,,,
ketoacidosis,endocrinology,,,
ketonuria,endocrinology,,,
lactation disorder,endocrinology,,,
lactation disorders,endocrinology,,,
lactation in absence of pregnancy,endocrinology,,,
thirst,endocrinology,,,
thirst change,endocrinology,,,
hirsutism,endocrinology,,,
hyperprolactinaemia,endocrinology,,,
hypoaldosteronism,endocrinology,,,
cystic fibrosis related diabetes,endocrinology,,,
feminisation,endocrinology,,,
hypopituitarism,endocrinology,,,
insulin autoimmune syndrome,endocrinology,,,
oliguria,endocrinology,,,
pseudohypoparathyroidism,endocrinology,,,
allergic rhinitis,ENT,allergy,,
rhinitis,ENT,allergy,nose,
rhinitis seasonal,ENT,allergy,nose,
epistaxis,ENT,bleeding,nose,
hearing impairment,ENT,hearing,ear,
hearing loss,ENT,hearing,ear,
auditory disorder,ENT,neurology,,
deafness,ENT,neurology,,
deafness neurosensory,ENT,neurology,,
ear pain,ENT,pain,ear,
anosmia,ENT,smell,,
auricular swelling,ENT,,,
dry ear,ENT,,ear,
dry throat,ENT,,throat,
ear congestion,ENT,,ear,
ear discomfort,ENT,,ear,
ear disorder,ENT,,ear,
ear infection,ENT,,ear,
ear pruritus,ENT,,ear,
labyrinthitis,ENT,,ear,
laryngeal discomfort,ENT,,throat,
laryngeal oedema,ENT,,throat,
laryngeal pain,ENT,,throat,
laryngospasm,ENT,,throat,
laryngotracheal oedema,ENT,,throat,
meniere's disease,ENT,,ear,
middle ear damage,ENT,,ear,
nasal complaints,ENT,,nose,
nasal congestion,ENT,,nose,
nasal discomfort,ENT,,nose,
nasal disorder,ENT,,nose,
nasal dryness,ENT,,nose,
nasal irritation,ENT,,nose,
nasal mucosal disorder,ENT,,nose,
nasal septum perforation,ENT,,nose,
ototoxicity,ENT,,ear,
paranasal sinus hypersecretion,ENT,,nose,
pharyngitis,ENT,,throat,
sinus congestion,ENT,,nose,
sinus disorder,ENT,,nose,
sinusitis,ENT,,nose,
sneezing,ENT,,,
snoring,ENT,,,
sudden hearing loss,ENT,,ear,neurology
teeth grinding,ENT,,,
throat complaints,ENT,,throat,
throat discomfort,ENT,,throat,
throat erythema,ENT,,throat,
throat irritation,ENT,,throat,
throat lesion,ENT,,throat,
throat oedema,ENT,,throat,
throat pain,ENT,,throat,
throat swelling,ENT,,throat,
throat tightness,ENT,,throat,
throat ulcer,ENT,,throat,
tinnitus,ENT,,ear,
tonsillar hypertrophy,ENT,,throat,
tracheo-oesophageal fistula,ENT,,,
tympanic membrane hyperaemia,ENT,,ear,
tympanic membrane perforation,ENT,,ear,
upper airway secretion increased,ENT,,,
upper respiratory tract congestion,ENT,,,
upper respiratory tract infection,ENT,,,
upper-airway cough syndrome,ENT,,,
vertigo,ENT,,ear,
vestibular damage,ENT,,ear,
vestibular syndrome,ENT,,ear,
voice alteration,ENT,,,
rhinorrhoea,ENT,,,
nasopharyngitis,ENT,,,
abdominal cramps,gastroenterology,abdominal pain,abdomen,general surgery
abdominal discomfort,gastroenterology,abdominal pain,abdomen,general surgery
abdominal distress,gastroenterology,abdominal pain,abdomen,general surgery
abdominal pain,gastroenterology,abdominal pain,abdomen,general surgery
abdominal pain lower,gastroenterology,abdominal pain,abdomen,general surgery
abdominal pain upper,gastroenterology,abdominal pain,abdomen,general surgery
abdominal sepsis,gastroenterology,abdominal pain,abdomen,general surgery
gastrointestinal discomfort,gastroenterology,abdominal pain,,
gastrointestinal pain,gastroenterology,abdominal pain,,
gastrointestinal perforation,gastroenterology,abdominal pain,,general surgery
gastrointestinal ulcer,gastroenterology,abdominal pain,,
peptic ulcer,gastroenterology,abdominal pain,stomach,
peptic ulcer aggravated,gastroenterology,abdominal pain,stomach,
haematemesis,gastroenterology,bleeding,,
peptic ulcer haemorrhage,gastroenterology,bleeding,stomach,
wernicke's encephalopathy,gastroenterology,confusion,,
pancreatic pseudocyst,gastroenterology,general surgery,pancreas,
pancreatitis,gastroenterology,general surgery,pancreas,
pancreatitis acute,gastroenterology,general surgery,pancreas,
pancreatitis exacerbated,gastroenterology,general surgery,pancreas,
pancreatitis haemorrhagic,gastroenterology,general surgery,pancreas,
perforation,gastroenterology,general surgery,abdominal pain,
jaundice ocular,gastroenterology,haematology,opthalmology,
splenomegaly,gastroenterology,haematology,spleen,
gastrointestinal infection,gastroenterology,infection,,
gastrointestinal infection viral,gastroenterology,infection,,
hepatitis b,gastroenterology,infection,liver,
hepatitis b reactivation,gastroenterology,infection,liver,
hepatosplenic abscess,gastroenterology,infection,liver,
jaundice,gastroenterology,liver,haematology,
jaundice cholestatic,gastroenterology,liver,general surgery,
nausea,gastroenterology,,,
abdominal distension,gastroenterology,,abdomen,general surgery
acute hepatic failure,gastroenterology,,liver,
ascites,gastroenterology,,liver,
asterixis,gastroenterology,,liver,
bile duct disorders,gastroenterology,,liver,general surgery
bile thrombus,gastroenterology,,liver,general surgery
biliary colic,gastroenterology,,liver,general surgery
biliary dilatation,gastroenterology,,liver,general surgery
biliary pain,gastroenterology,,liver,general surgery
biliary sclerosis,gastroenterology,,liver,general surgery
biliary sludge,gastroenterology,,liver,general surgery
biliary spasm,gastroenterology,,liver,general surgery
biliary tract infection bacterial,gastroenterology,,liver,general surgery
bilirubinuria,gastroenterology,,haematology,general surgery
burping,gastroenterology,,,
cholangitis,gastroenterology,,liver,general surgery
cholangitis sclerosing,gastroenterology,,liver,general surgery
cholecystitis,gastroenterology,,liver,general surgery
cholecystitis acute,gastroenterology,,liver,general surgery
cholelithiasis,gastroenterology,,liver,general surgery
cholelithiasis calcification,gastroenterology,,liver,general surgery
cholestasis,gastroenterology,,liver,general surgery
cholestasis exacerbated,gastroenterology,,liver,general surgery
colitis,gastroenterology,,colon,general surgery
colitis haemorrhagic,gastroenterology,,colon,general surgery
colitis ischaemic,gastroenterology,,colon,general surgery
constipation,gastroenterology,,,general surgery
crohn's disease,gastroenterology,,,
crohn's disease aggravated,gastroenterology,,,
defaecation urgency,gastroenterology,,,
diarrhoea,gastroenterology,,,
diarrhoea haemorrhagic,gastroenterology,,,
diverticulitis,gastroenterology,,,
drug-induced liver injury,gastroenterology,,liver,
duodenitis,gastroenterology,,stomach,
dyspepsia,gastroenterology,,stomach,
enterocolitis,gastroenterology,,,
enterocolitis haemorrhagic,gastroenterology,,,
epigastric discomfort,gastroenterology,,abdominal pain,
epigastric distress,gastroenterology,,abdominal pain,
epigastric pain,gastroenterology,,abdominal pain,
faeces black,gastroenterology,,faeces,
faeces discoloured,gastroenterology,,faeces,
faeces soft,gastroenterology,,faeces,
flatulence,gastroenterology,,,
frequent bowel movements,gastroenterology,,faeces,
gastric disorder,gastroenterology,,stomach,
gastric ulcer,gastroenterology,,stomach,
gastritis,gastroenterology,,stomach,
gastroenteritis,gastroenterology,,,
gastrointestinal candidiasis,gastroenterology,,,
gastrointestinal disorder,gastroenterology,,,
gastrointestinal disorders,gastroenterology,,,
gastrointestinal haemorrhage,gastroenterology,,,
gastrointestinal hypermotility,gastroenterology,,,
gastrointestinal infarction,gastroenterology,,,
gastrointestinal inflammatory disorders,gastroenterology,,,
gastrointestinal irritation,gastroenterology,,,
gastrointestinal motility disorder,gastroenterology,,,
gastrointestinal spasm,gastroenterology,,,
gastrooesophageal reflux disease,gastroenterology,,,
hepatic cancer,gastroenterology,,liver,oncology
hepatic cirrhosis exacerbated,gastroenterology,,liver,
hepatic coma,gastroenterology,,liver,
hepatic disorders,gastroenterology,,liver,
hepatic encephalopathy,gastroenterology,,liver,
hepatic failure,gastroenterology,,liver,
hepatic function abnormal,gastroenterology,,liver,
hepatic impairment,gastroenterology,,liver,
hepatic necrosis,gastroenterology,,liver,
hepatic neoplasm,gastroenterology,,liver,
hepatic pain,gastroenterology,,liver,
hepatic reaction,gastroenterology,,liver,
hepatitis,gastroenterology,,liver,
hepatitis allergic,gastroenterology,,liver,
hepatitis toxic,gastroenterology,,liver,
hepatocellular injury,gastroenterology,,liver,
hepatomegaly,gastroenterology,,liver,
hepatotoxicity,gastroenterology,,liver,
hyperbilirubinaemia,gastroenterology,,,
impaired gastric emptying,gastroenterology,,stomach,
increased gastric reflux,gastroenterology,,stomach,
inflammatory bowel disease,gastroenterology,,,
intestinal hypermotility,gastroenterology,,,
intestinal ulcer,gastroenterology,,,
irritable bowel syndrome,gastroenterology,,,
liver disorder,gastroenterology,,liver,
liver injury,gastroenterology,,liver,
oesophageal candidiasis,gastroenterology,,oesophagus,
oesophageal disorder,gastroenterology,,oesophagus,
oesophageal pain,gastroenterology,,oesophagus,
oesophageal spasm,gastroenterology,,oesophagus,
oesophageal ulcer,gastroenterology,,oesophagus,
oesophageal varices,gastroenterology,,oesophagus,
oesophagitis,gastroenterology,,oesophagus,
pale faeces,gastroenterology,,,
reflux gastritis,gastroenterology,,stomach,
small intestinal bacterial overgrowth,gastroenterology,,,
ulcerative colitis,gastroenterology,,colon,
ulcerative colitis aggravated,gastroenterology,,colon,
vomiting,gastroenterology,,,
hepatic steatosis,gastroenterology,,,
breath odour,gastroenterology,,,
dyspepsia aggravated,gastroenterology,,,
anastomotic haemorrhage,general surgery,bleeding,,
haematoma infection,general surgery,infection,,
intestinal ischaemia,general surgery,pain,,
intestinal necrosis,general surgery,pain,,
ileus,general surgery,,ileum,
intestinal pseudo-obstruction,general surgery,,,
abdominal wall disorder,general surgery,,,
anal inflammation,general surgery,,anus,
anal irritation,general surgery,,anus,
anal pruritus,general surgery,,anus,
anorectal discomfort,general surgery,,anus,
anorectal disorder,general surgery,,anus,
anorectal erythema,general surgery,,anus,
anorectal haemorrhage,general surgery,,anus,
appendicitis,general surgery,,appendix,
gallbladder disorder,general surgery,,gallbladder,
gallbladder disorders,general surgery,,gallbladder,
gallbladder perforation,general surgery,,gallbladder,
gangrene,general surgery,,,
gastrointestinal stoma complication,general surgery,,,
haematoma,general surgery,,,
haemorrhoids,general surgery,,anus,
necrotising pancreatitis,general surgery,,pancreas,
paralytic ileus,general surgery,,ileum,
rectosigmoid cancer,general surgery,,,
spleen abnormalities,general surgery,,spleen,
splenic infarction,general surgery,,spleen,
splenic rupture,general surgery,,spleen,
umbilical hernia,general surgery,,,
bezoar,general surgery,,,
faecal incontinence,general surgery,,,
fibrosing colonopathy,general surgery,,,
haematochezia,general surgery,,,
milk-alkali syndrome,genetics,,,
uterine haemorrhage,gynaecology,bleeding,uterus,
vaginal haemorrhage,gynaecology,bleeding,vagina,
vulvovaginal candidiasis,gynaecology,infection,vagina,
vulvovaginal fungal infection,gynaecology,infection,vagina,
vulvovaginal infection,gynaecology,infection,vagina,
vulvovaginal irritation,gynaecology,infection,vagina,
amenorrhoea,gynaecology,menstruation,,
dysmenorrhoea,gynaecology,menstruation,,
menorrhagia,gynaecology,menstruation,,
menstrual cycle irregularities,gynaecology,menstruation,,
menstrual disorder,gynaecology,menstruation,,
menstruation irregular,gynaecology,menstruation,,
polymenorrhoea,gynaecology,menstruation,,
endometritis,gynaecology,pain,uterus,
pelvic discomfort,gynaecology,pain,pelvis,
pelvic inflammatory disease,gynaecology,pain,pelvis,
pelvic pain,gynaecology,pain,pelvis,
uterine cramps,gynaecology,pain,uterus,
uterine pain,gynaecology,pain,uterus,
vulvovaginal discomfort,gynaecology,pain,vagina,
vulvovaginal pain,gynaecology,pain,vagina,
vaginismus,gynaecology,psychology,vagina,
artificial menopause,gynaecology,,,
cervical abnormalities,gynaecology,,cervix,
cervical dysplasia,gynaecology,,cervix,
cervical mucus increased,gynaecology,,cervix,
cervical spasm,gynaecology,,cervix,
cystic ovarian swelling,gynaecology,,ovaries,
defective oogenesis,gynaecology,,,
endometrial adenocarcinoma,gynaecology,,uterus,
endometrial cancer,gynaecology,,uterus,
endometrial hyperplasia,gynaecology,,uterus,
endometrial thickening,gynaecology,,uterus,
fertility decreased female,gynaecology,,,
haemorrhagic ovarian cyst,gynaecology,,ovaries,
hot flush,gynaecology,,,
leakage of the pessary base,gynaecology,,,
menopausal symptoms,gynaecology,,,
ovarian and fallopian tube disorders,gynaecology,,ovaries,
ovarian cyst,gynaecology,,ovaries,
ovarian disorder,gynaecology,,ovaries,
ovarian failure,gynaecology,,ovaries,
ovarian hyperstimulation syndrome,gynaecology,,ovaries,
ovarian suppression,gynaecology,,ovaries,
ovulation disorder,gynaecology,,ovaries,
pelvic disorders,gynaecology,,pelvis,
pelvic prolapse,gynaecology,,pelvis,
polycystic ovaries,gynaecology,,ovaries,
postmenopausal haemorrhage,gynaecology,,,
rectovaginal fistula,gynaecology,,,
uterine atony,gynaecology,,uterus,
uterine disorder,gynaecology,,uterus,
uterine disorders,gynaecology,,uterus,
uterine injuries,gynaecology,,uterus,
uterine ischaemia,gynaecology,,uterus,
uterine leiomyoma,gynaecology,,uterus,
uterine leiomyoma degeneration,gynaecology,,uterus,
uterine polyp,gynaecology,,uterus,
uterine rupture,gynaecology,,uterus,
uterovaginal prolapse,gynaecology,,uterus,vagina
vaginal burning,gynaecology,,vagina,
vaginal discharge,gynaecology,,vagina,
vaginal disorder,gynaecology,,vagina,
vaginal redness,gynaecology,,vagina,
vaginal ulceration,gynaecology,,vagina,
vulvovaginal atrophy,gynaecology,,vagina,
vulvovaginal disorder,gynaecology,,vagina,
vulvovaginal disorders,gynaecology,,vagina,
vulvovaginal dryness,gynaecology,,vagina,
vulvovaginal pruritus,gynaecology,,vagina,
vulvovaginal swelling,gynaecology,,vagina,
withdrawal bleed,gynaecology,,,
genital disorder female,gynaecology,,genital,
menometrorrhagia,gynaecology,,,
metrorrhagia,gynaecology,,,
oestrogen deficiency,gynaecology,,,
oligomenorrhoea,gynaecology,,,
bleeding tendency,haematology,bleeding,,
haemolytic uraemic syndrome,haematology,nephrology,,
thrombocytopenic purpura,haematology,rash,,
thrombotic thrombocytopenic purpura,haematology,rash,,
arterial thromboembolism,haematology,vascular,,
arterial thrombosis,haematology,vascular,,
deep vein thrombosis,haematology,vascular,,
portal vein thrombosis,haematology,vascular,,
thromboembolism,haematology,vascular,,
thrombosis,haematology,vascular,,
abnormal clotting factor,haematology,,,
acquired haemophilia,haematology,,,
acute leukaemia,haematology,,,
acute lymphocytic leukaemia,haematology,,,
acute myeloid leukaemia,haematology,,,
agranulocytosis,haematology,,,
anaemia,haematology,,,
anaemia aggravated,haematology,,,
angioimmunoblastic t-cell lymphoma,haematology,,,
anisocytosis,haematology,,,
aplastic anaemia,haematology,,,
basophil count increased,haematology,,,
blood disorder,haematology,,,
blood disorders,haematology,,,
bruising,haematology,,,
bruising tendency,haematology,,,
coagulation disorder,haematology,,,
coagulation disorders,haematology,,,
decreased leucocytes,haematology,,,
disseminated intravascular coagulation,haematology,,,
embolism,haematology,,,
embolism and thrombosis,haematology,,,
factor ix inhibition,haematology,,,
factor viii inhibition,haematology,,,
generalised lymphadenopathy,haematology,,,
haemolysis,haematology,,,
haemolytic anaemia,haematology,,,
haemophagocytic lymphohistiocytosis,haematology,,,
haemorrhage,haematology,,,
heparin-induced thrombocytopenia,haematology,,,
hypercoagulation,haematology,,,
hypereosinophilia,haematology,,,
increased leucocytes,haematology,,,
increased risk of arterial thromboembolism,haematology,,,
increased risk of thrombosis,haematology,,,
increased risk of venous thromboembolism,haematology,,,
intravascular haemolysis,haematology,,,
iron deficiency,haematology,,,
iron deficiency anaemia,haematology,,,
iron overload,haematology,,,
leucocytosis,haematology,,,
leucopenia,haematology,,,
leukaemia,haematology,,,
leukaemia secondary,haematology,,,
macrocytosis,haematology,,,
macrophage activation,haematology,,,
megaloblastic anaemia,haematology,,,
microangiopathic haemolytic anaemia,haematology,,,
myelodysplastic syndrome,haematology,,,
neutropenia,haematology,,,
neutropenic infection,haematology,,,
pancytopenia,haematology,,,
platelet abnormalities,haematology,,,
platelet aggregation inhibition,haematology,,,
platelet disorder,haematology,,,
platelet dysfunction,haematology,,,
polycythaemia,haematology,,,
post transplant lymphoproliferative disorder,haematology,,transplant,
pure red cell aplasia,haematology,,,
red blood cell abnormalities,haematology,,,
red blood cell abnormality,haematology,,,
reticulocytopenia,haematology,,,
reticulocytosis,haematology,,,
sickle cell anaemia with crisis,haematology,,,
sideroblastic anaemia,haematology,,,
thrombocytopenia,haematology,,,
thrombocytosis,haematology,,,
white blood cell abnormalities,haematology,,,
white blood cell disorder,haematology,,,
haemorrhagic anaemia,haematology,,,
carboxyhaemoglobinaemia,haematology,,,
colitis neutropenic,haematology,,,
cytarabine syndrome,haematology,,,
eosinophilia,haematology,,,
eosinophilia myalgia syndrome,haematology,,,
eosinophilic disorders,haematology,,,
eosinophilic granulomatosis with polyangiitis,haematology,,,
febrile neutropenia,haematology,,,
graft versus host disease,haematology,,,
granulocytopenia,haematology,,,
granulocytosis,haematology,,,
haemoconcentration,haematology,,,
haemorrhagic disorder,haematology,,,
histiocytic necrotising lymphadenitis,haematology,,,
hypoplastic anaemia,haematology,,,
immune deficiency,haematology,,,
immune disorder,haematology,,,
immune reconstitution inflammatory syndrome,haematology,,,
immune thrombocytopenic purpura,haematology,,,
immunosuppression,haematology,,,
lymphadenopathy,haematology,,,
lymphatic abnormalities,haematology,,,
methaemoglobinaemia,haematology,,,
nucleated red cells,haematology,,,
pseudolymphoma,haematology,,,
purpura non-thrombocytopenic,haematology,,,
autoimmune disorder,immunology,autoimmune,,
autoimmune disorder exacerbated,immunology,autoimmune,,
autoimmune haemolytic anaemia,immunology,autoimmune,,
autoimmune pancytopenia,immunology,autoimmune,,
autoimmune thyroiditis,immunology,autoimmune,,
autonomic dysfunction,immunology,autoimmune,,
autonomic dysreflexia,immunology,autoimmune,,
clostridioides difficile colitis,infection,diarrhoea,,
necrotising fasciitis,infection,general surgery,,
oral herpes,infection,,mouth,
acute disseminated encephalomyelitis,infection,neurology,,
encephalitis,infection,neurology,,
abscess,infection,,,
bk virus infection,infection,,,
candida infection,infection,,,
cellulitis,infection,,,
chills,infection,,,
cytomegalovirus infection reactivation,infection,,,
fever,infection,,,
herpes simplex,infection,,,
herpes zoster,infection,,,
herpes zoster reactivation,infection,,,
human herpesvirus 6 infection reactivation,infection,,,
increased risk of hiv infection,infection,,,
increased risk of infection,infection,,,
infection,infection,,,
infection exacerbated,infection,,,
infective thrombosis,infection,,,
influenza,infection,,,
influenza like illness,infection,,,
jc virus infection,infection,,,
limb abscess,infection,,,
local infection,infection,,,
muscle abscess,infection,,,
neutropenic sepsis,infection,,,
overgrowth of nonsusceptible organisms,infection,,,
parvovirus b19 infection,infection,,,
polyomavirus infections,infection,,,
reactivation of infection,infection,,,
reactivation of infections,infection,,,
sepsis,infection,,,
septic shock,infection,,,
superinfection of skin lesions,infection,,,
viral infection reactivation,infection,,,
metabolic syndrome,metabolic,,,
metabolic change,metabolism disorder,,,
metabolic disorder,metabolism disorder,,,
arthralgia,musculoskeletal,pain,joint,
arthritis,musculoskeletal,pain,joint,
ligament sprain,musculoskeletal,pain,,
muscle strain,musculoskeletal,pain,,
musculoskeletal chest pain,musculoskeletal,pain,,
musculoskeletal discomfort,musculoskeletal,pain,,
musculoskeletal pain,musculoskeletal,pain,,
myalgia,musculoskeletal,pain,,
muscle weakness,musculoskeletal,,,
arthritis reactive,musculoskeletal,,joint,
arthropathy,musculoskeletal,,joint,
connective tissue disorders,musculoskeletal,,,
leiomyoma,musculoskeletal,,,
musculoskeletal disorder,musculoskeletal,,,
musculoskeletal disorders,musculoskeletal,,,
musculoskeletal stiffness,musculoskeletal,,,
myositis,musculoskeletal,,,
rhabdomyolysis,musculoskeletal,,,
skeletal muscle damage,musculoskeletal,,,
henoch-schÃ¶nlein purpura,nephrology,bruising,,
acute kidney injury,nephrology,,kidney,
acute tubular necrosis,nephrology,,kidney,
chronic kidney disease,nephrology,,kidney,
crystalluria,nephrology,,kidney,
focal segmental glomerulosclerosis,nephrology,,kidney,
glomerulonephritis,nephrology,,kidney,
glomerulonephritis acute,nephrology,,kidney,
glomerulonephritis membranoproliferative,nephrology,,kidney,
glomerulonephropathy,nephrology,,kidney,
glomerulosclerosis,nephrology,,kidney,
goodpasture's syndrome,nephrology,,kidney,
hypercreatininaemia,nephrology,,kidney,
kidney injury,nephrology,,kidney,
nephritic syndrome,nephrology,,kidney,
nephritis,nephrology,,kidney,
nephritis acute interstitial,nephrology,,kidney,
nephritis autoimmune,nephrology,,kidney,
nephritis lupus,nephrology,,kidney,
nephritis tubulointerstitial,nephrology,,kidney,
nephrocalcinosis,nephrology,,kidney,
nephrosclerosis,nephrology,,kidney,
nephrotic syndrome,nephrology,,kidney,
nephrotoxicity,nephrology,,kidney,
renal artery stenosis,nephrology,,kidney,
renal cyst,nephrology,,kidney,
renal disorder,nephrology,,kidney,
renal disorder exacerbated,nephrology,,kidney,
renal disorders,nephrology,,kidney,
renal failure,nephrology,,kidney,
renal failure non-oliguric,nephrology,,kidney,
renal impairment,nephrology,,kidney,
renal papillary necrosis,nephrology,,kidney,
renal thrombotic microangiopathy,nephrology,,kidney,
renal tubular acidosis,nephrology,,kidney,
renal tubular atrophy,nephrology,,kidney,
renal tubular disorder,nephrology,,kidney,
renal tubular disorders,nephrology,,kidney,
renal tubular injury,nephrology,,kidney,
renal tubular necrosis,nephrology,,kidney,
albuminuria,nephrology,,,
nephropathy,nephrology,,,
proteinuria,nephrology,,,
proteinuria aggravated,nephrology,,,
proximal renal tubulopathy,nephrology,,,
chorea,neurology,abnormal movements,,
chorea exacerbated,neurology,abnormal movements,,
choreoathetosis,neurology,abnormal movements,,
clonus,neurology,abnormal movements,,
facial spasm,neurology,abnormal movements,,
fine postural tremor,neurology,abnormal movements,,
focal tremor,neurology,abnormal movements,,
hyperkinesia,neurology,abnormal movements,,
movement disorder,neurology,abnormal movements,,
movement disorders,neurology,abnormal movements,,
muscle contractions involuntary,neurology,abnormal movements,,
muscle twitching,neurology,abnormal movements,,
myoclonic seizure,neurology,abnormal movements,,
myoclonus,neurology,abnormal movements,,
on and off phenomenon,neurology,abnormal movements,,
restless legs,neurology,abnormal movements,,
torticollis,neurology,abnormal movements,,
tremor,neurology,abnormal movements,,
confusion,neurology,confusion,,
encephalopathy,neurology,confusion,,
coma,neurology,consciousness,,
consciousness impaired,neurology,consciousness,,
level of consciousness decreased,neurology,consciousness,,
loss of consciousness,neurology,consciousness,,
sedation,neurology,consciousness,,
stupor,neurology,consciousness,,
unresponsive to stimuli,neurology,consciousness,,
balance impaired,neurology,ENT,,
dizziness,neurology,ENT,,
dizziness postural,neurology,ENT,,
swallowing difficulty,neurology,ENT,,
sudden unexplained death in epilepsy,neurology,epilepsy,,
ataxia,neurology,gait,,
gait abnormal,neurology,gait,,
gait abnormalities,neurology,gait,,
gait unsteady,neurology,gait,,
staggering,neurology,gait,,
headache,neurology,headache,,
headaches,neurology,headache,,
idiopathic intracranial hypertension,neurology,headache,,
idiopathic intracranial hypertension exacerbated,neurology,headache,,
meningism,neurology,headache,,
migraine,neurology,headache,,
throbbing headache,neurology,headache,,
tension headache,neurology,headache,,
meningitis,neurology,infection,,
meningitis bacterial,neurology,infection,,
meningitis cryptococcal,neurology,infection,,
meningitis herpes,neurology,infection,,
meningitis listeria,neurology,infection,,
meningitis meningococcal,neurology,infection,,
meningitis viral,neurology,infection,,
meningococcal sepsis,neurology,infection,,
encephalomyelitis,neurology,infection,,
anterograde amnesia,neurology,memory,,
memory impairment,neurology,memory,,
memory loss,neurology,memory,,
muscle contracture,neurology,musculoskeletal,,
muscle disorder,neurology,musculoskeletal,,
muscle fatigue,neurology,musculoskeletal,,
muscle rigidity,neurology,musculoskeletal,,
muscle spasms,neurology,musculoskeletal,,
pituitary haemorrhage,neurology,neurosurgery,,
subarachnoid haemorrhage,neurology,neurosurgery,,
subdural haematoma,neurology,neurosurgery,,
intracranial haemorrhage,neurology,neurosurgey,,
intracranial pressure increased,neurology,neurosurgey,,
intracranial pressure increased with papilloedema,neurology,neurosurgey,,
diplopia,neurology,opthalmology,,
peroneal nerve palsy,neurology,orthopaedics,,
epilepsy,neurology,seizure,,
epilepsy exacerbated,neurology,seizure,,
epileptiform seizure,neurology,seizure,,
epileptogenic activity,neurology,seizure,,
generalised seizure,neurology,seizure,,
generalised tonic-clonic seizure,neurology,seizure,,
partial complex seizure,neurology,seizure,,
seizure,neurology,seizure,,
seizures,neurology,seizure,,
seizures exacerbated,neurology,seizure,,
status epilepticus,neurology,seizure,,
tonic clonic movements,neurology,seizure,,
tonic seizure,neurology,seizure,,
sleep disorder,neurology,sleep,,
sleep disorders,neurology,sleep,,
sleep paralysis,neurology,sleep,,
sudden onset of sleep,neurology,sleep,,
olfactory nerve disorder,neurology,smell,,
smell altered,neurology,smell,,
smell disorders,neurology,smell,,
speech disorder,neurology,speech,,
speech impairment,neurology,speech,,
speech slurred,neurology,speech,,
cerebral infarction,neurology,stroke,,
cerebral ischaemia,neurology,stroke,,
cerebral thrombosis,neurology,stroke,,
cerebrovascular disorder,neurology,stroke,,
cns haemorrhage,neurology,stroke,,
haemorrhagic stroke,neurology,stroke,,
hemiparesis,neurology,stroke,,
hemiplegia,neurology,stroke,,
increased risk of ischaemic stroke,neurology,stroke,,
ischaemic stroke,neurology,stroke,,
stroke,neurology,stroke,,
transient ischaemic attack,neurology,stroke,,
taste altered,neurology,taste,,
taste bitter,neurology,taste,,
taste loss,neurology,taste,,
taste metallic,neurology,taste,,
taste unpleasant,neurology,taste,,
7th nerve paralysis,neurology,,,
abnormal hearing,neurology,,,
altered smell sensation,neurology,,,
aphasia,neurology,,,
aura,neurology,,,
cavernous sinus thrombosis,neurology,,,
central nervous system haemorrhage,neurology,,,
cerebellar dysfunction,neurology,,,
cerebellar syndrome,neurology,,,
cerebral atrophy,neurology,,,
cerebral impairment,neurology,,,
cerebrospinal fluid pressure increased,neurology,,,
cerebrovascular insufficiency,neurology,,,
cognitive disorder,neurology,,,
cognitive impairment,neurology,,,
coordination abnormal,neurology,,,
cranial nerve disorder,neurology,,,
cranial nerve paralysis,neurology,,,
dementia,neurology,,,
demyelinating disorders,neurology,,,
demyelination,neurology,,,
dysarthria,neurology,,,
dysgraphia,neurology,,,
dyskinesia,neurology,,,
dysphagia,neurology,,,
dysphasia,neurology,,,
dysphonia,neurology,,,
dystonia,neurology,,,
eighth cranial nerve damage,neurology,,,
encephalitis non-infective,neurology,,,
extrapyramidal symptoms,neurology,,,
facial paralysis,neurology,,,
facial paresis,neurology,,,
grimacing,neurology,,,
guillain-barre syndrome,neurology,,,
horner's syndrome exacerbated,neurology,,,
hydrocephalus,neurology,,,
insomnia,neurology,,,
meningitis aseptic,neurology,,,
meningitis non-infective,neurology,,,
motor dysfunction,neurology,,,
motor loss,neurology,,,
multiple sclerosis,neurology,,,
multiple sclerosis exacerbated,neurology,,,
muscle atrophy,neurology,,,
muscle tone decreased,neurology,,,
muscle tone increased,neurology,,,
muscle weakness in legs,neurology,,,
myasthenia gravis,neurology,,,
myasthenia gravis aggravated,neurology,,,
myasthenic syndrome,neurology,,,
myopathy,neurology,,,
nerve damage,neurology,,,
nerve deafness,neurology,,,
nerve disorders,neurology,,,
nerve injury,neurology,,,
nervous system disorder,neurology,,,
nervous system disorders,neurology,,,
neurological effects,neurology,,,
neurological injury,neurology,,,
neuromuscular blockade,neurology,,,
neuromuscular disorders,neurology,,,
neuromuscular dysfunction,neurology,,,
neuromuscular irritability,neurology,,,
neurotoxicity,neurology,,,
nystagmus,neurology,,,
oculo-bulbar myasthenia gravis,neurology,,,
paraesthesia,neurology,,,
paralysis,neurology,,,
paraparesis,neurology,,,
paraplegia,neurology,,,
parkinson's disease exacerbated,neurology,,,
parkinsonism,neurology,,,
perception altered,neurology,,,
perception disorders,neurology,,,
peripheral neuritis,neurology,,,
peripheral neuropathy,neurology,,,
photophobia,neurology,,,
polyneuropathy,neurology,,,
rebound intracranial pressure increase,neurology,,,
reflexes abnormal,neurology,,,
reflexes absent,neurology,,,
reflexes decreased,neurology,,,
reflexes increased,neurology,,,
reversible cerebral vasoconstriction syndrome,neurology,,,
sensation abnormal,neurology,,,
sensory disorder,neurology,,,
sensory peripheral polyneuropathy,neurology,,,
subacute combined cord degeneration,neurology,,,
temperature perception abnormal,neurology,,,
temperature regulation disorder,neurology,,,
temperature regulation disorders,neurology,,,
temperature sensation altered,neurology,,,
tetany,neurology,,,
tongue protrusion,neurology,,tongue,
transverse myelitis,neurology,,,
allodynia,neurology,,,
aphonia,neurology,,,
arachnoiditis,neurology,,,
asthenia,neurology,,,
asthenic conditions,neurology,,,
bradyphrenia,neurology,,,
brain oedema,neurology,,,
central nervous system immune reconstitution inflammatory response,neurology,,,
central nervous system stimulation,neurology,,,
central nervous system vasculitis,neurology,,,
central neuropathy,neurology,,,
difficulty standing,neurology,,,
difficulty walking,neurology,,,
hyperacusia,neurology,,,
hypogeusia,neurology,,,
mobility decreased,neurology,,,
myeloneuropathy,neurology,,,
myelopathy,neurology,,,
neuralgia,neurology,,,
neuritis,neurology,,,
neuro-psychological retardation,neurology,,,
neuromyopathy,neurology,,,
neuropathic arthropathy,neurology,,,
neuropathy sensory,neurology,,,
oculogyration,neurology,,,
oculomotor nerve paralysis,neurology,,,
paresis,neurology,,,
phototoxicity,neurology,,,
subacute sclerosing panencephalitis,neurology,,,
toxic myopathy,neurology,,,
intracranial aneurysm,neurosurgery,headache,,
amniotic cavity infection,obstetrics,,,
cancer pain,oncology,,,
cancer progression,oncology,,,
increased risk of cancer,oncology,,,
malignancy,oncology,,,
metastases,oncology,,,
neoplasm complications,oncology,,,
neoplasm malignant,oncology,,,
neoplasms,oncology,,,
residual metastases enlarged,oncology,,,
second primary malignancy,oncology,,,
secondary malignancy,oncology,,,
secondary neoplasm,oncology,,,
secondary oral neoplasms,oncology,,,
solid organ neoplasm,oncology,,,
treatment related secondary malignancy,oncology,,,
tumour activation temporary,oncology,,,
tumour flare,oncology,,,
tumour growth,oncology,,,
tumour haemorrhage,oncology,,,
tumour lysis syndrome,oncology,,,
paraneoplastic syndrome,oncology,,,
maculopathy,ophthalmology,,,
ocular hypotony,ophthalmology,,,
ocular toxicity,ophthalmology,,,
periorbital oedema,ophthalmology,,,
ophthalmic herpes simplex,opthalmology,infection,eye,
abnormal sensation in eye,opthalmology,,eye,
accommodation disorder,opthalmology,,eye,
acute angle closure glaucoma,opthalmology,,eye,
acute glaucoma,opthalmology,,eye,
acute retinal necrosis,opthalmology,,eye,
amblyopia,opthalmology,,eye,
angle closure glaucoma,opthalmology,,eye,
arteriosclerotic retinopathy,opthalmology,,eye,
blepharospasm,opthalmology,,eye,
cataract,opthalmology,,eye,
cataract diabetic,opthalmology,,eye,
cataract subcapsular,opthalmology,,eye,
chorioretinopathy,opthalmology,,eye,
colour vision change,opthalmology,,eye,
conjunctival deposit,opthalmology,,eye,
conjunctival discolouration,opthalmology,,eye,
conjunctival disorder,opthalmology,,eye,
conjunctival haemorrhage,opthalmology,,eye,
conjunctival irritation,opthalmology,,eye,
conjunctival oedema,opthalmology,,eye,
conjunctival vascular congestion,opthalmology,,eye,
conjunctivitis,opthalmology,,eye,
conjunctivitis allergic,opthalmology,,eye,
contact lens intolerance,opthalmology,,eye,
corneal changes,opthalmology,,eye,
corneal decompensation,opthalmology,,eye,
corneal deposits,opthalmology,,eye,
corneal erosion,opthalmology,,eye,
corneal lesion,opthalmology,,eye,
corneal oedema,opthalmology,,eye,
corneal opacity,opthalmology,,eye,
diabetic retinopathy,opthalmology,,eye,
dry eye,opthalmology,,eye,
exophthalmos,opthalmology,,eye,
eye allergy,opthalmology,,eye,
eye contusion,opthalmology,,eye,
eye deposit,opthalmology,,eye,
eye discolouration,opthalmology,,eye,
eye discomfort,opthalmology,,eye,
eye disorder,opthalmology,,eye,
eye disorders,opthalmology,,eye,
eye erythema,opthalmology,,eye,
eye infection,opthalmology,,eye,
eye inflammation,opthalmology,,eye,
eye irritation,opthalmology,,eye,
eye naevus,opthalmology,,eye,
eye pain,opthalmology,,eye,
eye pruritus,opthalmology,,eye,
eye redness,opthalmology,,eye,
eye stinging,opthalmology,,eye,
eye strain,opthalmology,,eye,
eye swelling,opthalmology,,eye,
eyelash discolouration,opthalmology,,,
eyelid crusting,opthalmology,,eyelid,
eyelid eczema,opthalmology,,eyelid,
eyelid exfoliation,opthalmology,,eyelid,
eyelid hypopigmentation,opthalmology,,eyelid,
eyelid irritation,opthalmology,,eyelid,
eyelid oedema,opthalmology,,eyelid,
eyelid pruritus,opthalmology,,eyelid,
eyes gritty,opthalmology,,eye,
foreign body in eye,opthalmology,,eye,
glaucoma,opthalmology,,eye,
glaucoma exacerbated,opthalmology,,eye,
keratic deposits,opthalmology,,eye,
keratitis,opthalmology,,eye,
keratoconjunctivitis,opthalmology,,eye,
lens opacity,opthalmology,,eye,
macular oedema,opthalmology,,eye,
miosis,opthalmology,,eye,
mydriasis,opthalmology,,eye,
myopia,opthalmology,,eye,
optic atrophy,opthalmology,,eye,
optic neuritis,opthalmology,,eye,
papilloedema,opthalmology,,eye,
posterior subcapsular cataract,opthalmology,,eye,
punctate keratitis,opthalmology,,eye,
refraction disorder,opthalmology,,eye,
retinal detachment,opthalmology,,eye,
retinal discolouration,opthalmology,,eye,
retinal haemorrhage,opthalmology,,eye,
retinal ischaemia,opthalmology,,eye,
retinal occlusion,opthalmology,,eye,
retinal pigment epithelial tear,opthalmology,,eye,
retinal pigment epitheliopathy,opthalmology,,eye,
retinopathy,opthalmology,,eye,
scleral discolouration,opthalmology,,eye,
serous retinal detachment,opthalmology,,eye,
steepening of corneal curvature,opthalmology,,eye,
tear discolouration,opthalmology,,eye,
ulcerative keratitis,opthalmology,,eye,
uveitis,opthalmology,,eye,
vision blurred,opthalmology,,eye,
vision disorder,opthalmology,,eye,
vision disorders,opthalmology,,eye,
vision loss,opthalmology,,eye,
visual acuity decreased,opthalmology,,eye,
visual impairment,opthalmology,,eye,
vitreous floater,opthalmology,,eye,
vitreous haemorrhage,opthalmology,,eye,
watering eye,opthalmology,,eye,
atypical femur fracture,orthopaedics,fracture,,
bone fracture,orthopaedics,fracture,bone,
bone fractures,orthopaedics,fracture,bone,
compression fracture,orthopaedics,fracture,,
femoral stress fracture,orthopaedics,fracture,,
increased risk of fracture,orthopaedics,fracture,,
lower limb fracture,orthopaedics,fracture,,
sacrum fracture,orthopaedics,fracture,,
stress fracture,orthopaedics,fracture,,
osteomyelitis,orthopaedics,infection,,
back discomfort,orthopaedics,pain,,
back pain,orthopaedics,pain,,
limb discomfort,orthopaedics,pain,limb,
limb pain,orthopaedics,pain,limb,
pseudogout,orthopaedics,pain,joint,
spinal fracture,orthopaedics,pain,spine,
tendon pain,orthopaedics,pain,,
bone disorder,orthopaedics,,bone,
bone disorders,orthopaedics,,bone,
bone formation increased,orthopaedics,,bone,
bone marrow depression,orthopaedics,,bone,
bone marrow disorders,orthopaedics,,bone,
bone marrow failure,orthopaedics,,bone,
bone pain,orthopaedics,,bone,
bursitis,orthopaedics,,,
carpal tunnel syndrome,orthopaedics,,,
compartment syndrome,orthopaedics,,,
epiphyses delayed fusion,orthopaedics,,,
epiphyses premature fusion,orthopaedics,,,
intervertebral disc disorder,orthopaedics,,,
joint disorder,orthopaedics,,joint,
joint disorders,orthopaedics,,joint,
joint hyperextension,orthopaedics,,joint,
joint stiffness,orthopaedics,,joint,rheumatology
joint swelling,orthopaedics,,joint,rheumatology
limb swelling,orthopaedics,,limb,
lower limb amputations,orthopaedics,,,
osteoarthritis,orthopaedics,,joint,
osteonecrosis,orthopaedics,,,
posture abnormal,orthopaedics,,,
sciatica,orthopaedics,,,
scoliosis,orthopaedics,,spine,
shoulder pain,orthopaedics,,,
slipped capital femoral epiphysis,orthopaedics,,,
spinal cord compression,orthopaedics,,spine,
spinal haematoma,orthopaedics,,spine,
tendinitis,orthopaedics,,,
tendon disorders,orthopaedics,,,
tendon rupture,orthopaedics,,,
tenosynovitis,orthopaedics,,,
trigger finger,orthopaedics,,,
dupuytren's contracture,orthopaedics,,,
exostosis,orthopaedics,,,
failure to thrive,paediatrics,,,
febrile seizure,paediatrics,,,
fontanelle bulging,paediatrics,,,
growth retardation,paediatrics,,,
hyperbilirubinaemia neonatal,paediatrics,,,
hypogonadism,paediatrics,,,
milia,paediatrics,,,
post procedural muscle pain,procedure,pain,,
post procedural anaemia,procedure,,,
post procedural complications,procedure,,,
post procedural drainage,procedure,,,
post procedural haematoma,procedure,,,
post procedural infection,procedure,,,
post procedural wound complication,procedure,,,
procedural complications,procedure,,,
procedural headache,procedure,,,
procedural pain,procedure,,,
tic,psychiatry,abnormal movements,,
depressed mood,psychiatry,depression,,
depression,psychiatry,depression,,
depression exacerbated,psychiatry,depression,,
depressive symptom,psychiatry,depression,,
suicidal behaviour,psychiatry,depression,suicide,
suicidal behaviours,psychiatry,depression,suicide,
suicidal ideation,psychiatry,depression,suicide,
suicidal thoughts,psychiatry,depression,suicide,
suicide,psychiatry,depression,suicide,
suicide attempt,psychiatry,depression,suicide,
anxiety,psychiatry,emotion,,
apathy,psychiatry,emotion,,
crying,psychiatry,emotion,,
emotional disorder,psychiatry,emotion,,
emotional lability,psychiatry,emotion,,
euphoric mood,psychiatry,emotion,,
mood disorder,psychiatry,emotion,,
morbid thoughts,psychiatry,emotion,,
nervousness,psychiatry,emotion,,
aggression,psychiatry,emotion,,
agitation,psychiatry,emotion,,
abnormal dreams,psychiatry,sleep,,
hypersomnia,psychiatry,sleep,,
acute psychosis,psychiatry,,,
addiction,psychiatry,,,
adjustment disorder,psychiatry,,,
affective disorder,psychiatry,,,
alcohol intolerance,psychiatry,,,
attention deficit/hyperactivity disorder,psychiatry,,,
auditory hallucinations,psychiatry,,,
behaviour abnormal,psychiatry,,,
behaviour disorder,psychiatry,,,
binge eating,psychiatry,,,
catatonia,psychiatry,,,
compulsions,psychiatry,,,
conversion disorder,psychiatry,,,
delusional disorder,psychiatry,,,
"delusional disorder, persecutory type",psychiatry,,,
delusions,psychiatry,,,
derealisation,psychiatry,,,
disinhibition,psychiatry,,,
disorientation,psychiatry,,,
dissociation,psychiatry,,,
drug abuse,psychiatry,,,
drug cross-reactivity,psychiatry,,,
drug dependence,psychiatry,,,
drug use disorders,psychiatry,,,
drug withdrawal seizure,psychiatry,,,
eating disorder,psychiatry,,,
eating disorders,psychiatry,,,
gambling,psychiatry,,,
hallucination,psychiatry,,,
hallucinations,psychiatry,,,
homicidal ideation,psychiatry,,,
hostility,psychiatry,,,
hypomania,psychiatry,,,
illusion,psychiatry,,,
impulse-control disorder,psychiatry,,,
learning disability,psychiatry,,,
mania,psychiatry,,,
obsessive thoughts,psychiatry,,,
obsessive-compulsive disorder,psychiatry,,,
overdose,psychiatry,,,
panic attack,psychiatry,,,
paranoia,psychiatry,,,
paranoid delusions,psychiatry,,,
paranoid delusions exacerbated,psychiatry,,,
pathological gambling,psychiatry,,,
personality change,psychiatry,,,
personality disorder,psychiatry,,,
psychiatric disorder,psychiatry,,,
psychiatric disorders,psychiatry,,,
psychomotor retardation,psychiatry,,,
psychosis,psychiatry,,,
psychosis exacerbated,psychiatry,,,
psychotic depression,psychiatry,,,
psychotic disorder,psychiatry,,,
schizophrenia,psychiatry,,,
schizophrenia exacerbated,psychiatry,,,
self mutilation,psychiatry,,,
self-endangering behaviour,psychiatry,,,
self-injurious behaviour,psychiatry,,,
sense of oppression,psychiatry,,,
sexual disinhibition,psychiatry,,,
speech repetitive,psychiatry,,,
suffocation feeling,psychiatry,,,
thinking abnormal,psychiatry,,,
toxic psychosis,psychiatry,,,
visual hallucinations,psychiatry,,,
withdrawal syndrome,psychiatry,,,
oculogyric crisis,psychiatry,,,
akathisia,psychiatry,,,
breath holding,psychiatry,,,
depersonalisation,psychiatry,,,
dysphoria,psychiatry,,,
enuresis,psychiatry,,,
food aversion,psychiatry,,,
hyperfocus,psychiatry,,,
hyperirritability,psychiatry,,,
hypersexuality,psychiatry,,,
nocturia,psychiatry,,,
numbness,psychiatry,,,
serotonin syndrome,psychiatry,,,
radiation injuries,radiation,,,
radiation injury,radiation,,,
radiation pneumonitis,radiation,,,
radiation recall reaction,radiation,,,
radiation skin sensitivity,radiation,,,
asthma,respiratory,asthma,,
asthma exacerbated,respiratory,asthma,,
asthma-like conditions,respiratory,asthma,,
asthmatic attack,respiratory,asthma,,
haemoptysis,respiratory,bleeding,,
pleural effusion,respiratory,cardiology,,
interstitial pneumonia,respiratory,infection,,
lower respiratory tract infection,respiratory,infection,,
respiratory tract infection,respiratory,infection,,
tuberculosis reactivation,respiratory,infection,,
pleuritic pain,respiratory,pain,,
sleep apnoea,respiratory,sleep,,
transfusion-related acute lung injury,respiratory,,,
acute pulmonary vasoconstriction,respiratory,,,
acute respiratory failure,respiratory,,,
airway complication of anaesthesia,respiratory,,,
alveolar haemorrhage,respiratory,,,
alveolitis,respiratory,,,
alveolitis allergic,respiratory,,,
apnoea,respiratory,,,
bronchial hyperreactivity,respiratory,,,
bronchial secretion altered,respiratory,,,
bronchial secretion decreased,respiratory,,,
bronchial secretion increased,respiratory,,,
bronchial secretion viscosity increased,respiratory,,,
bronchitis,respiratory,,,
bronchospasm,respiratory,,,
bronchospasm paradoxical,respiratory,,,
catarrh,respiratory,,,
copd exacerbated,respiratory,,,
cough,respiratory,,,
cough aggravated,respiratory,,,
cough decreased,respiratory,,,
dyspnoea,respiratory,,,
dyspnoea exertional,respiratory,,,
emphysema,respiratory,,,
gas exchange abnormal,respiratory,,,
haemothorax,respiratory,,,
hypercapnia,respiratory,,,
hypoventilation,respiratory,,,
hypoxia,respiratory,,,
interstitial lung disease,respiratory,,,
interstitial pneumonitis,respiratory,,,
obstructive airway disorder,respiratory,,,
obstructive pulmonary disease exacerbated,respiratory,,,
pneumonia,respiratory,,,
pneumonia aspiration,respiratory,,,
pneumonia eosinophilic,respiratory,,,
pneumonia lipoid,respiratory,,,
pneumonitis,respiratory,,,
pneumothorax,respiratory,,,
productive cough,respiratory,,,
pulmonary arterial hypertension,respiratory,,,
pulmonary congestion,respiratory,,,
pulmonary disorder,respiratory,,,
pulmonary embolism,respiratory,,,
pulmonary eosinophilia,respiratory,,,
pulmonary fibrosis,respiratory,,,
pulmonary haemorrhage,respiratory,,,
pulmonary hypersensitivity,respiratory,,,
pulmonary hypertension,respiratory,,,
pulmonary reaction,respiratory,,,
respiration abnormal,respiratory,,,
respiratory arrest,respiratory,,,
respiratory depression,respiratory,,,
respiratory disorder,respiratory,,,
respiratory disorders,respiratory,,,
respiratory distress,respiratory,,,
respiratory failure,respiratory,,,
respiratory paralysis,respiratory,,,
respiratory secretion increased,respiratory,,,
respiratory tract congestion,respiratory,,,
respiratory tract dryness,respiratory,,,
respiratory tract reaction,respiratory,,,
retroperitoneal fibrosis,respiratory,,,
sputum discolouration,respiratory,,,
sputum increased,respiratory,,,
sputum purulent,respiratory,,,
stridor,respiratory,,,
wheezing,respiratory,,,
vasculitis,rheumatology,nephrology,,
lacrimation disorder,rheumatology,opthalmology,,
kawasaki disease,rheumatology,,,
lupus erythematosus,rheumatology,,,
lupus-like syndrome,rheumatology,,,
peripheral coldness,rheumatology,,,
polyarteritis nodosa,rheumatology,,,
polyarthritis,rheumatology,,joint,
polymyalgia rheumatica,rheumatology,,,
polymyositis,rheumatology,,,
raynaud's phenomenon,rheumatology,,,
rheumatoid arthritis aggravated,rheumatology,,joint,
scleroderma,rheumatology,,,
scleroderma renal crisis,rheumatology,,,
sclerodermal-like changes,rheumatology,,,
subacute cutaneous lupus erythematosus,rheumatology,,,
systemic lupus erythematosus exacerbated,rheumatology,,,
vasculitides,rheumatology,,,
vasculitis necrotising,rheumatology,,,
cutaneous lupus erythematosus,rheumatology,,,
cutaneous vasculitis,rheumatology,,,
dermatomyositis,rheumatology,,,
dermatomyositis exacerbated,rheumatology,,,
gout,rheumatology,,joint,
gout aggravated,rheumatology,,joint,
gouty arthritis,rheumatology,,joint,
haemorrhagic vasculitis,rheumatology,,,
amyloidosis,rheumatology,,,
cutaneous amyloidosis,rheumatology,,,
cutis laxa,rheumatology,,,
digital vasospasm,rheumatology,,,
inflammatory arthritis,rheumatology,,joint,
sarcoid-like reaction,rheumatology,,,
sarcoidosis,rheumatology,,,
sjÃ¶gren's syndrome,rheumatology,,,
azoospermia,sexual health,fertility,,
azotaemia,sexual health,fertility,,
infertility,sexual health,fertility,,
infertility female,sexual health,fertility,,
infertility male,sexual health,fertility,,
painful sexual intercourse,sexual health,pain,,
libido decreased,sexual health,,,
libido disorder,sexual health,,,
libido increased,sexual health,,,
libido loss,sexual health,,,
orgasm abnormal,sexual health,,,
sexual dysfunction,sexual health,,,
sperm abnormalities,sexual health,,,
spermatogenesis abnormal,sexual health,,,
spermatogenesis disorder,sexual health,,,
spermatogenesis reduced,sexual health,,,
urogenital tract gonococcal infection,sexual health,,urination,
genital discharge,sexual health,,genital,
genital discomfort,sexual health,,genital,
genital erosion,sexual health,,genital,
genital oedema,sexual health,,genital,
genital pain,sexual health,,genital,
genital peeling,sexual health,,genital,
genital pruritus,sexual health,,genital,
genital rash,sexual health,,genital,
genital ulceration,sexual health,,genital,
polyuria,urology,nephrology,,
renal lesions,urology,nephrology,kidney,
renal necrosis,urology,nephrology,kidney,
renal pain,urology,nephrology,kidney,
prostate cancer,urology,oncology,prostate,
bladder pain,urology,pain,bladder,
cystitis,urology,pain,bladder,
cystitis-like symptom,urology,pain,bladder,
testicular pain,urology,pain,testes,
urethral burning,urology,pain,ureter,
urinary disorder,urology,urination,,
urinary disorders,urology,urination,,
urinary frequency increased,urology,urination,,
urinary hesitation,urology,urination,,
urinary incontinence,urology,urination,,
urinary retention,urology,urination,,
urinary tract dilation,urology,urination,,
urinary tract discomfort,urology,urination,,
urinary tract disorder,urology,urination,,
urinary tract disorders,urology,urination,,
urinary tract infection,urology,urination,,
urinary tract inflammation,urology,urination,,
urinary tract obstruction,urology,urination,,
urinary tract pain,urology,urination,,
urinary tract stenosis,urology,urination,,
urinary urgency,urology,urination,,
urine abnormal,urology,urination,,
urine abnormalities,urology,urination,,
urine dark,urology,urination,,
urine discolouration,urology,urination,,
urine odour abnormal,urology,urination,,
urolithiases,urology,urination,,
urolithiasis,urology,urination,,
urosepsis,urology,urination,,
haematospermia,urology,,,
haematuria,urology,,,
hydronephrosis,urology,,,
penile disorders,urology,,penis,
penile necrosis,urology,,penis,
penile ulceration,urology,,penis,
penis disorder,urology,,penis,
phimosis,urology,,penis,
priapism,urology,,penis,
prostate abnormalities,urology,,prostate,
prostatic disorder,urology,,prostate,
prostatitis,urology,,prostate,
renal colic,urology,,kidney,
scrotal disorders,urology,,scrotum,
scrotal erythema,urology,,scrotum,
scrotal oedema,urology,,scrotum,
scrotal pain,urology,,scrotum,
renal abscess,urology,,kidney,
acute urinary retention,urology,,,
benign prostatic hyperplasia,urology,,prostate,
bladder atony,urology,,bladder,
bladder cancer,urology,,bladder,
bladder cramps,urology,,bladder,
bladder dilation,urology,,bladder,
bladder disorder,urology,,bladder,
bladder disorders,urology,,bladder,
bladder diverticulum,urology,,bladder,
bladder irritation,urology,,bladder,
bladder spasm,urology,,bladder,
cystocele,urology,,bladder,
dysuria,urology,,,
ejaculation failure,urology,,,
epididymo-orchitis,urology,,,
erectile dysfunction,urology,,,
nephrolithiasis,urology,,,
spermatocele,urology,,,
spontaneous penile erection,urology,,,
testicular atrophy,urology,,testes,
testicular disorder,urology,,testes,
testicular disorders,urology,,testes,
testicular hypertrophy,urology,,testes,
testicular swelling,urology,,testes,
ureteral obstruction,urology,,ureter,
ureteral spasm,urology,,ureter,
urethral spasm,urology,,ureter,
varicocele,urology,,testes,
vesicoureteric reflux,urology,,,
balanoposthitis,urology,,penis,
chemical cystitis,urology,,bladder,
cystitis haemorrhagic,urology,,bladder,
arteriosclerosis,vascular,cardiology,,
venous thromboembolism,vascular,haematology,,
venous thrombosis,vascular,haematology,,
aneurysm,vascular,,,
aortic aneurysm,vascular,,,
aortitis,vascular,,,
arterial fibrosis,vascular,,,
arterial occlusion,vascular,,,
arterial spasm,vascular,,,
arterial stenosis,vascular,,,
artery dissection,vascular,,,
circulation impaired,vascular,,,
iliac artery occlusion,vascular,,,
intermittent claudication,vascular,,,
peripheral vascular disease,vascular,,,
thrombophlebitis,vascular,,,
varicose veins,vascular,,,
vascular calcification,vascular,,,
vascular device infection,vascular,,,
vascular disorders,vascular,,,
vascular irritation,vascular,,,
vascular pain,vascular,,pain,
vascular pseudoaneurysm,vascular,,,
vascular rupture,vascular,,,
vascular stenosis,vascular,,,
vasoconstriction,vascular,,,
vasodilation,vascular,,,
vasodilation procedure,vascular,,,
vasospasm,vascular,,,
vein discolouration,vascular,,,
vein wall hypertrophy,vascular,,,
venous insufficiency,vascular,,,
venous sclerosis,vascular,,,
vitamin a deficiency,vitamins,,,
vitamin b12 deficiency,vitamins,,,
vitamin b12 deficiency exacerbated,vitamins,,,
vitamin d deficiency,vitamins,,,
vitamin deficiencies,vitamins,,,
zinc deficiency,vitamins,,,
weight change,weight,,,
weight changes,weight,,,
weight decreased,weight,,,
weight increased,weight,,,
abnormal loss of weight,weight,,,
wound complications,wound,,,
wound dehiscence,wound,,,
wound drainage,wound,,,
wound haemorrhage,wound,,,
wound infection,wound,,,
wound inflammation,wound,,,
wound secretion,wound,,,
buccoglossal syndrome,,abnormal movements,,
ecchymosis,,bruising,,
alertness decreased,,consciousness,,
alertness increased,,consciousness,,
anaesthesia,,consciousness,,
anaesthetic complication,,consciousness,,
delirium,,consciousness,,
drowsiness,,consciousness,,
excessive sedation,,consciousness,,
oligozoospermia,,fertility,,
costal cartilage fracture,,fracture,,
osteoporotic fractures,,fracture,bone,
hair abnormal,,hair,,
hair changes,,hair,,
hair colour changes,,hair,,
hair disorder,,hair,,
hair growth abnormal,,hair,,
hair growth increased,,hair,,
hair texture abnormal,,hair,,
common cold,,infection,,
food poisoning,,infection,,
jc virus granule cell neuronopathy,,infection,,
breast pain,,pain,breast,
breast tenderness,,pain,breast,
costochondritis,,pain,,
localised pain,,pain,,
muscle cramps,,pain,,
neck pain,,pain,,
neck stiffness,,pain,,
pain,,pain,,
pain facial,,pain,,
pain in extremity,,pain,,
perineal pain,,pain,perineum,
argyria,,poisoning,,
citrate toxicity,,poisoning,,
cyanide toxicity,,poisoning,,
postural disorders,,postural,,
postural hypertension,,postural,,
postural hypotension,,postural,,
neurotoxicity rash,,rash,,
nightmare,,sleep,,
copper deficiency,,vitamin,,
nicotinic acid deficiency,,vitamin,,
night blindness,,vitamin,,
pellagra,,vitamin,,
breast abnormalities,,,breast,
breast cancer,,,breast,
breast changes,,,breast,
breast conditions,,,breast,
breast disorder,,,breast,
breast engorgement,,,breast,
breast enlargement,,,breast,
breast mass,,,breast,
breast neoplasm,,,breast,
breast neoplasm benign,,,breast,
breast secretion,,,breast,
breast swelling,,,breast,
healing impaired,,,,
accelerated hair loss,,,hair,
acrochordon,,,,
acute phase reaction,,,,
administration related reaction,,,,
adrenergic-like effects,,,,
aerophagia,,,,
analgesia reversed,,,,
anamnestic reaction,,,,
angular cheilitis,,,,
anhidrosis,,,,
antibiotic associated colitis,,,,
anticholinergic syndrome,,,,
anticonvulsant hypersensitivity syndrome,,,,
axillary lymph node tenderness,,,,
black hairy tongue,,,tongue,
black tongue,,,tongue,
blue toe syndrome,,,toe,
body fat disorder,,,,
body hair change,,,,
brittle nails,,,nails,
broken nails,,,nails,
brow ptosis,,,,
cachexia,,,,
calciphylaxis,,,,
capillary leak syndrome,,,,
carbohydrate metabolism change,,,,
catheter related infection,,,,
cheilitis,,,,
choking,,,,
choking sensation,,,,
cholinergic syndrome,,,,
cold sweat,,,,
concentration impaired,,,,
condition aggravated,,,,
corticoid-like effects,,,,
crying on application,,,,
cyanosis,,,,
cyst,,,,
cytokine release syndrome,,,,
cytotoxicity,,,,
death,,,,
dehydration,,,,
delayed puberty,,,,
device complications,,,,
device expulsion,,,,
device related infection,,,,
device thrombosis,,,,
differentiation syndrome,,,,
discomfort,,,,
disease recurrence,,,,
dopamine agonist withdrawal syndrome,,,,
dopamine dysregulation syndrome,,,,
drooling,,,,
drug fever,,,,
drug toxicity,,,,
dry lips,,,,
dry mouth,,,,
dysaesthesia,,,,
dyslexia,,,,
effusion,,,,
enanthema,,,,
enlarged mammary gland,,,,
enzyme abnormality,,,,
epidural haematoma,,,,
epidural lipomatosis,,,,
erythromelalgia,,,,
erythropenia,,,,
excessive tearing,,,,
extensive swelling of vaccinated limb,,,,
extravasation necrosis,,,,
face oedema,,,,
facial plethora,,,,
facial rash,,,,
facial swelling,,,,
fall,,,,
fanconi syndrome acquired,,,,
fat embolism,,,,
fatal progressive hepatocellular necrosis,,,,
fatigue,,,,
febrile disorders,,,,
feeling abnormal,,,,
feeling cold,,,,
feeling drunk,,,,
feeling hot,,,,
feeling jittery,,,,
feeling of body temperature change,,,,
feeling of pressure behind the eyes,,,,
feeling of relaxation,,,,
fibrosis,,,,
fingertip swelling,,,,
fingertip tenderness,,,,
fishbane reaction,,,,
fistula,,,,
flank pain,,,,
flashback,,,,
floppy iris syndrome,,,,
fluid imbalance,,,,
flushing,,,,
folate deficiency,,,,
follicle recruitment increased,,,,
folliculitis gram-negative,,,,
galactorrhoea,,,,
gastrointestinal toxicity,,,,
generalised oedema,,,,
generalised pain,,,,
genital abnormalities,,,genital,
gingival discomfort,,,gum,
gingival disorder,,,gum,
gingival haemorrhage,,,gum,
gingival hyperplasia,,,gum,
gingivitis,,,gum,
glabellar reflex abnormal,,,,
glossitis,,,,
glycosuria,,,,
granuloma,,,,
groin tingling,,,,
gynaecomastia,,,,
haematotoxicity,,,,
haemodynamic instability,,,,
haemoglobinuria,,,,
haemorrhagic diathesis,,,,
haemorrhagic shock,,,,
haemosiderosis,,,,
hangover,,,,
heat intolerance,,,,
heat stroke,,,,
hiccups,,,,
hoarseness,,,,
hoigne's syndrome,,,,
hunger,,,,
hyperaemia,,,,
hyperaesthesia,,,,
hyperalgesia,,,,
hyperaluminaemia,,,,
hyperammonaemia,,,,
hyperammonaemic encephalopathy,,,,
hyperamylasaemia,,,,
hypercholesterolaemia,,,,
hyperhidrosis,,,,
hyperlipasaemia,,,,
hypermetabolism,,,,
hyperoxaluria,,,,
hyperpyrexia,,,,
hypersalivation,,,,
hyperthermia,,,,
hypertransaminasaemia,,,,
hypertrichosis,,,,
hyperuricaemia,,,,
hyperuricosuria,,,,
hyperventilation,,,,
hypervolaemia,,,,
hypoalbuminaemia,,,,
hypofibrinogenaemia,,,,
hypogammaglobulinaemia,,,,
hypoglobulinaemia,,,,
hypohidrosis,,,,
hypoperfusion,,,,
hypophysitis,,,,
hypoproteinaemia,,,,
hypoprothrombinaemia,,,,
hyposthenuria,,,,
hypothermia,,,,
hypotrichosis,,,,
hypouricaemia,,,,
hypovolaemia,,,,
hypovolaemic shock,,,,
idiosyncratic drug reaction,,,,
if rash mild re-introduce cautiously but discontinue immediately if recurrence),,,,
immediate post-injection reaction,,,,
immune complex rpgn,,,,
immune-mediated events,,,,
immune-mediated lung disease,,,,
immune-mediated pancreatitis,,,,
immunisation reaction,,,,
immuno-allergic thrombocytopenia,,,,
impaired driving ability,,,,
increased risk of fall,,,,
induration,,,,
inflammation,,,,
inflammation localised,,,,
infusion related chest pain,,,,
infusion related hypersensitivity reaction,,,,
infusion related reaction,,,,
infusion site necrosis,,,,
injected limb mobility decreased,,,,
injection related reaction,,,,
injection site necrosis,,,,
injection site plasmacytoma,,,,
injury,,,,
intravenous catheter occlusion,,,,
ischaemia,,,,
jarisch-herxheimer reaction,,,,
kounis syndrome,,,,
leg cramps,,,,
leg pain,,,,
lepra reaction,,,,
lethargy,,,,
leukocyturia,,,,
leukoencephalopathy,,,,
lhermitte's sign,,,,
lip swelling,,,,
lipid metabolism change,,,,
lipoatrophy,,,,
lipodystrophy,,,,
lipohypertrophy,,,,
lipoma,,,,
lipomatosis,,,,
local exfoliation,,,,
local reaction,,,,
local reactions,,,,
local swelling,,,,
localised oedema,,,,
logorrhea,,,,
long term use),,,,
lymph node abscess,,,lymphatics,
lymph node pain,,,lymphatics,
lymphadenitis,,,lymphatics,
lymphadenitis suppurative,,,lymphatics,
lymphangitis,,,lymphatics,
lymphatic vessel disorders,,,lymphatics,
lymphocele,,,lymphatics,
lymphocytic hypophysitis,,,lymphatics,
lymphocytosis,,,lymphatics,
lymphoedema,,,lymphatics,
lymphopenia,,,lymphatics,
lymphostasis,,,lymphatics,
madarosis,,,,
malaise,,,,
malnutrition,,,,
mass,,,,
mazzotti reaction aggravated,,,,
more common in black patients),,,,
motion sickness,,,,
mucocutaneous candidiasis,,,,
mucosal abnormalities,,,,
mucosal discolouration red,,,,
mucosal dryness,,,,
mucosal irritation,,,,
mucosal reaction,,,,
mucosal toxicity,,,,
mucosal ulceration,,,,
mucositis,,,,
mucous membrane disorder,,,,
multi organ failure,,,,
multifocal motor neuropathy,,,,
muscle complaints,,,,
muscle necrosis,,,,
muscle tightness,,,,
myoglobinuria,,,,
necrosis,,,,
necrotising retinitis,,,,
neovascularisation,,,,
neurological deterioration in wilsonâ€™s disease,,,,
night sweats,,,,
nipple pain,,,,
nipple tenderness,,,,
nodular regenerative hyperplasia,,,,
obesity,,,,
odynophagia,,,,
opioid withdrawal-like syndrome,,,,
oral blistering,,,mouth,
oral candidiasis,,,mouth,
oral discolouration,,,mouth,
oral disorder,,,mouth,
oral disorders,,,mouth,
oral hypoaesthesia,,,mouth,
oral irritation,,,mouth,
oral pain,,,mouth,
oral paraesthesia,,,mouth,
oral ulceration,,,mouth,
organ dysfunction,,,,
oropharyngeal complaints,,,mouth,
oropharyngeal discomfort,,,mouth,
oropharyngeal dryness,,,mouth,
oropharyngeal irritation,,,mouth,
oropharyngeal oedema,,,mouth,
oropharyngeal pain,,,mouth,
oropharyngeal spasm,,,mouth,
oropharyngeal swelling,,,mouth,
oropharyngeal ulceration,,,mouth,
osteitis,,,bone,
osteochondrosis,,,bone,
osteomalacia,,,bone,
osteonecrosis of femur,,,bone,
osteonecrosis of jaw,,,bone,
osteopenia,,,bone,
osteoporosis,,,bone,
oxalate nephrolithiasis,,,,
oxalate nephropathy,,,,
pallor,,,,
panniculitis,,,,
papillitis,,,,
paradoxical drug reaction,,,,
paradoxical pressor response,,,,
paraneoplastic glomerulonephritis,,,,
performance status decreased,,,,
perineal numbness,,,perineum,
perineal rash,,,perineum,
perineal warmth,,,perineum,
perinephric effusion,,,,
perioral hypoaesthesia,,,mouth,
perioral swelling,,,mouth,
peripheral ischaemia,,,,
peripheral lymphoedema,,,,
peripheral vasospastic reaction,,,,
peyronie's disease,,,,
photoallergic reaction,,,,
photoonycholysis,,,,
physical assault,,,,
piloerection,,,,
plantar fasciitis,,,,
polyomavirus-associated nephropathy,,,,
polyserositis,,,,
poor venous access,,,,
poor weight gain,,,,
poriomania,,,,
post vaccination syndrome,,,,
pre-existing condition improved,,,,
primary transplant dysfunction,,,,
product taste abnormal,,,,
protein catabolism,,,,
pruritus,,,,
pseudocyst,,,,
pseudomelanosis coli,,,,
pseudomembranous enterocolitis,,,,
pseudophaeochromocytoma,,,,
pulmonary oil microembolism,,,,
purple glove syndrome,,,,
pyuria,,,,
radiculopathy,,,,
rebound congestion,,,,
rebound hyperlipidaemia,,,,
rectal discharge of drug,,,,
red discolouration of body fluids,,,,
red discolouration of plasma,,,,
regional lymphadenopathy,,,,
restlessness,,,,
retinoic acid syndrome,,,,
saliva altered,,,,
salivary gland enlargement,,,,
salivary gland pain,,,pain,
seasonal allergy,,,,
secretion discharge,,,,
sensation of foreign body,,,,
sensation of pressure,,,,
sensitisation,,,,
sensitivity to weather change,,,,
serositis,,,,
serous drainage,,,,
serum sickness,,,,
serum sickness-like reaction,,,,
shock,,,,
shock-like coma,,,,
sialadenitis,,,,
sigmoid lesion perforation,,,,
sinusoidal obstruction syndrome,,,,
soft tissue calcification,,,,
soft tissue necrosis,,,,
solid organ transplant rejection,,,,
sprue-like enteropathy,,,,
sterile abscess,,,,
stomatitis,,,,
stomatitis necrotising,,,,
subcutaneous nodule,,,,
submandibular mass,,,,
sudden death,,,,
sweat changes,,,,
sweating abnormal,,,,
swelling,,,,
systemic inflammatory response syndrome,,,,
thiocyanate toxicity,,,,
thrombotic microangiopathy,,,,
tissue in urine,,,,
tongue biting,,,tongue,
tongue blistering,,,tongue,
tongue burning,,,tongue,
tongue discolouration,,,tongue,
tongue disorder,,,tongue,
tongue irritation,,,tongue,
tongue oedema,,,tongue,
tongue spasm,,,tongue,
tongue swelling,,,tongue,
toxic shock syndrome,,,,
transplant failure,,,transplant,
transplant rejection,,,transplant,
trismus,,,,
ulcer,,,,
uric acid nephropathy,,,,
urogenital disorder,,,,
vancomycin infusion reaction,,,,
vancomycin-like infusion reaction,,,,
vanishing bile duct syndrome,,,,
virilism,,,,
visceral venous thrombosis,,,,
water intoxication,,,,
with high doses),,,,
withdrawal syndrome neonatal,,,,
withhold if severe),,,,
xanthopsia,,,,
xerophthalmia,,,,
yawning,,,,
yellow discolouration of body fluids,,,,
yellow fever vaccine-associated neurotropic disease,,,,
yellow fever vaccine-associated viscerotropic disease,,,,
yellow nail syndrome,,,,